scenario_id,system_performance,trust,ai_proportion,transparency
2,0.7115404054954745,0.8352204040845452,0.2,1.0
6,0.7319884145232475,0.832423736194803,0.5,1.0
